Fayre,Chidwick,fchidwick0@studiopress.com,1Ldc9kq6TW2JP5JPhLX3q1hKZLKKGLirfU,76-9599679
Merry,Jambrozek,mjambrozek1@hp.com,15Px1BmGq9noqfVGYu5HhYM522GG8cQBLF,57-5112089
Carly,Andree,candree2@usa.gov,1JDQtS6SCuezewKxBDYwRudXsuBp6Ge6so,65-4719598
George,Pane,gpane3@theglobeandmail.com,17sirPq3gQaT9xgvp5kEqVhdZwUaDFV2nk,92-1181091
Erena,Jobke,ejobke4@ovh.net,14B1A81EW2iqRSLctJnSzMxkjhWpuGtRiR,50-3283566
Rosetta,Chamberlain,rchamberlain5@exblog.jp,1GsdDBzmtbo5M9axmKBdWCJBQgLKwZRuJb,11-0848237
Lem,Game,lgame6@narod.ru,127tqrNCdQJxuW2Qvgg5SEcvdzuxDu8d2Z,55-9289687
Sarine,Bosche,sbosche7@multiply.com,179uLCdpP7oLP9LmXrbkZUHMeZfiwanKJL,47-5623351
Oliy,Bow,obow8@skyrock.com,1NUpcHDW9erTcUeuR9d4mYhdguAJYnkQ6q,66-9330505
Rolf,Duncklee,rduncklee9@mozilla.org,12khiibBq7YChM8zj3C9UeDbUxx5xZW2LM,34-6137127
Scotty,Sciacovelli,ssciacovellia@zdnet.com,14FswGpeFx5fyTjnEAVwaWEDBBpyzWDY67,85-2087613
Arin,Radolf,aradolfb@bandcamp.com,15a7hsP5HHcYSmZmsbBH42sftsXeg8oKz1,76-2804264
Gabbie,Andri,gandric@businessweek.com,16XG6wkj2Mq2oBVMXbRaArUNYdQmuHvNG7,64-4605802
Mikkel,Twiname,mtwinamed@huffingtonpost.com,1LDATFgnH9qNxPdHnddAsAB4MzfWYFvYT7,59-1835891
Pansy,Ellesworthe,pellesworthee@artisteer.com,1B6HVvKTdeTEdGGKifUvjajZBYHVH2UBAP,04-4274411
Haley,Crauford,hcraufordf@bing.com,1KDc5RboDDtrdHKsanzuYgtLnWGYqqmZaw,13-6326783
Kristofor,Ponter,kponterg@purevolume.com,1PEraoHXKpfzK32cunhCaPNAabWVocSZAU,45-8520692
Albie,Abbado,aabbadoh@china.com.cn,14r1jf2H9jrum2SNM6UfFdbFGiyoWs7jQ2,52-2457238
Carlina,Gregson,cgregsoni@jiathis.com,1PqoiSc58EiemVz77mexx9GsfUrQDKnsAf,76-0348152
Addison,Clows,aclowsj@umn.edu,1CbayADDEQx1J22XhFi6YmbgJe5xCuTtE9,14-2551870
Kirsteni,Fleetham,kfleethamk@wikipedia.org,1LJ46SbJqvo5jxZDbMcLyLmzyKE5mfGPAF,00-3348626
Pail,Swyer-Sexey,pswyersexeyl@jalbum.net,1HCEBbakAevdieShjfYzzNJRTmhjcxP1VG,95-2563600
Jakie,Calterone,jcalteronem@hubpages.com,1BrBU4NXMtnmREcHmKHvCZvYmrXLtjzv13,04-1049006
Candie,Grasha,cgrashan@ning.com,12HYucPLyLPzt6CdPjHkHLKZWAEBjNkDca,45-7549454
Kalie,Fraine,kfraineo@quantcast.com,1HdrU5xX2SVP6PpmTauVnqBodii8pwZfBE,11-8583103
Hayley,Prestney,hprestneyp@bigcartel.com,19DErXiiy7m12UWFhjT9kXW28tEwroUJdA,02-1002145
Clayborn,Anderbrugge,canderbruggeq@clickbank.net,1KquKDFUiVVXP4YzpmG4yVMMmwCALq3T2C,12-3557901
Ortensia,Thorneley,othorneleyr@sphinn.com,1ANTMhbdJb9qpDmCGBNqYUHi1dXRPvKLAi,88-8316854
Zebadiah,Alejandre,zalejandres@usnews.com,16zQWsJ88cknRZa5ZGXJCVACK8vzi2Jbwu,37-7216693
Adora,Niland,anilandt@slate.com,1K67yDn4uQssauT866yNhN6ru8fMnfSHsA,52-0070946
Gerardo,Pengilley,gpengilleyu@mozilla.com,1BYCRAhqyaU1VXmwqMSBsS6DTHUC8wNsUp,70-7763708
Lynda,Hawney,lhawneyv@cnet.com,1AGNGDGxmCDX1bZYDvR1sZWyptfmy3pqSA,76-3389405
Kissie,Simpkin,ksimpkinw@yale.edu,12UNoPXWMUaWXzVVoY2RDqHrQWMyg4Gxk7,35-6069643
Elliott,Birkin,ebirkinx@dailymail.co.uk,1DJFzJBBUvA9GtnXw43BPxhMNBaEQ4pejz,11-1186093
Devora,Breen,dbreeny@livejournal.com,1JTm7FHmqYnP3miVr3HUxbviCcQCsp4Y9s,66-4669074
Antoine,Bunston,abunstonz@mapquest.com,19iKYda7kgb2Qm12h3WniRiMtsa6yJHP6o,12-7472053
Inglebert,Paskins,ipaskins10@lycos.com,1NUhm32RdLfR7jK1RJM4PHpGSNMrBrusqc,81-1362905
Shermy,Messom,smessom11@squidoo.com,19FG9Stof8M8AJbyEubRcKeDG2DyXH7m3X,03-3708877
Tiebold,Sinyard,tsinyard12@discuz.net,1PHWJhmznythSixBuY9veEz9tRW9tog1Dz,64-4410173
Quent,Meany,qmeany13@gmpg.org,1JR1eKpZQ9vvDhp6XL4ZpY4skMVzKSWGWV,17-9877757
Angelique,Tuson,atuson14@ifeng.com,1Jn41snuGaeXypvimvaGnebiBVSDqqmHn6,27-8356082
Wilt,Howsin,whowsin15@delicious.com,18evtYJFFVTnd9EmRjonWzyVYR57brMVpN,49-4163180
Dione,Chopping,dchopping16@unc.edu,1HadB8d5ZktderhL9CkiPzuNtonqZYrYap,47-2617861
Genni,McGuffog,gmcguffog17@wordpress.org,18BnZwpVmjgHaZ2TSFosyw7M9z7zGKvWnG,33-9724476
Byram,Watterson,bwatterson18@bloglines.com,18q5SPqGijbxcZSh5nemKsoWXLsmh9cKdh,82-3692168
Perle,Conneau,pconneau19@technorati.com,13KzQwUPZhX1fCLCUMNeqXim8cWXgMAPEC,33-8114688
Harlen,Foulds,hfoulds1a@cisco.com,1Hxhnc1an86f4RStok7TgVwuNQBNrgDbuj,21-2149428
Gates,Vedenisov,gvedenisov1b@flickr.com,1Kaf1izGo6J1v9sBwWfc3LdAKzKAHAzMhh,02-9204316
Agatha,Bannell,abannell1c@fda.gov,13ezVQn2jmUWk2UWscYucYo57umKDMMzZt,92-8578122
Michelle,Valadez,mvaladez1d@topsy.com,14bjxpg1RWHdZp2Qwd3wcg6iy966Rw292s,45-3500986
Horatia,Berzins,hberzins1e@wikia.com,19pzzBLxxnWs2qZPfom5JCBcPnSTix9Cy6,59-0822457
Tildie,Rheubottom,trheubottom1f@barnesandnoble.com,1FUJdQrMKJphATmsNKfrhkjfyJ7BsHapvC,46-6913148
Corri,Trethowan,ctrethowan1g@so-net.ne.jp,18WisxPXrZRq9WhZfXTuU6tbeJfTtHjfc1,42-2221915
Olwen,Merton,omerton1h@youtu.be,1Ns6TqptBSGnaaN6dB1yGCZiEPPwuPncD6,57-9484549
Gabbi,Iacovuzzi,giacovuzzi1i@businessweek.com,1CThfFXVqEgMKgjqyRrEvD5n6wq1TKtrZ2,68-0565228
Charlot,Jennens,cjennens1j@tinyurl.com,1KoU4G7U4dDGuNfhupiXpkMCJJ3P7Mypfq,95-2298031
Chere,Van der Hoeven,cvanderhoeven1k@jimdo.com,1PjcxWz6DeuDc7vatdnDsTqRJ3higBy9wK,30-1277231
Selinda,Haysom,shaysom1l@privacy.gov.au,1N8BgP41rvT4aYAhna8eaH281szhLVeGMx,67-2732573
Wendie,Rushworth,wrushworth1m@guardian.co.uk,1GPnq1h8Hq6xEjXc5wYACn1CoSyt1tpnvi,92-5833530
Torey,Killiam,tkilliam1n@dmoz.org,18Tm6ZxmygmyssatkoE2N9zd6xsNSHSAHS,50-4779286
Belia,Desouza,bdesouza1o@studiopress.com,1F6gtm95Vbsp1GKzgstwoq9fM7bGxy7GVp,25-9244017
Rriocard,Foxall,rfoxall1p@imgur.com,1GRL3YkgAhd2kLQj1HJa6ZSY3UiMhAd6Au,97-1318420
Andrus,Stronghill,astronghill1q@washingtonpost.com,1NLquyLdtN83A9MN1R2tZPd8eo8YhT5uHP,40-6742644
Samara,Rizzo,srizzo1r@technorati.com,1DP5vtgDFEMfqXw5qyboiSaEQPN2M7TPRA,84-3120680
Cele,Brockie,cbrockie1s@purevolume.com,1DHepeVYGpFTjhXZnVDsmwTvjUPLSzp3r2,43-3618929
Davin,McDavid,dmcdavid1t@stanford.edu,1LLtarfdh5sJbRy7oY36ZzsEPuWL3s8bDF,03-2587532
Penrod,Vautre,pvautre1u@moonfruit.com,1LqZuyDUaUTWw8Pn2Ugq6KVNbj9jBhE7T7,04-4910216
Gwendolen,Willavize,gwillavize1v@cafepress.com,1HSVnSVNB1ZDC4PzDtpCbVKznpfBN8WpCW,24-2916159
Carlie,Edinborough,cedinborough1w@nih.gov,1J8BPbyL3SFBF51rFTF7RVDZN3aEuMoy67,30-0272597
Goldie,Zorer,gzorer1x@omniture.com,1GczZRnMLCxzp9B34NbZZz6cbSUA8jj5Bj,26-4598312
Elisabeth,Frangleton,efrangleton1y@sciencedirect.com,1EREsJZrZ7LgjiYMQnoUdF19DAqV6Lbtbv,35-4040103
Jeno,MacKowle,jmackowle1z@intel.com,1eBn9JTEsSYS5x7u1xba6tsmXUERC4w1L,48-6001117
Martina,Picott,mpicott20@thetimes.co.uk,1BDaLo95zT7MiaVYEi3zdLSVY5iyRXhc81,46-8740469
Michel,Hallawell,mhallawell21@gnu.org,112EciBWVTw5Twi8tj1aqGiyuU61YrJwZ3,80-6932149
Tanny,Matyushkin,tmatyushkin22@zdnet.com,131jX6jqTkW5WaRuhRBMwX4xKSis5h7yUG,62-9721099
Bernetta,Shipton,bshipton23@tripadvisor.com,1DWrC7tS5S4BpowivqkgSjiDMkdaYwXoHx,84-9278893
Coop,Kennicott,ckennicott24@rambler.ru,1LeaNwhtpEwJ1CWto4wEkem8t42TjHH571,38-5141176
Filmore,Yurivtsev,fyurivtsev25@privacy.gov.au,18hA7sxLsV15w2o4JTi3gq6QL4Su96kZis,98-2967699
Carlin,Patkin,cpatkin26@mediafire.com,1EthXnQzKwiQKxaDbTouFwV7t1DSWFEsCn,07-5917134
Allix,Ollier,aollier27@4shared.com,1JytuvGYEWy7rXaAGDrg9Scb5Z8e6UZu2L,87-0211446
Katherina,Attenborrow,kattenborrow28@storify.com,1BTJav8cwmrT7sCCkpqRqr7SVRtFgUenkW,25-7030346
Deni,Fransewich,dfransewich29@salon.com,16YW1h9KUi2oBiv5j7jFUkSZQkVpKJj3gk,24-1892904
Alie,Bearman,abearman2a@edublogs.org,1PN5isdfhyo5UZfJfJWdV4sNWMsx4LR596,44-4912196
Brenden,Bampfield,bbampfield2b@pagesperso-orange.fr,1BzUrK614dUvLx9Rw1kC6wwGUqQuKeJMYV,72-4813752
Konstance,Dilger,kdilger2c@w3.org,1AzMpxs6VNDLzDhcUCbtvkWDGUGE3Cc78D,56-8689561
Neely,Kubacki,nkubacki2d@reddit.com,19s5xFGSeAtTsVVBFxJ24zsSbhPAPUjoxt,65-2246512
Shawna,Duchesne,sduchesne2e@comsenz.com,1FDr1kdekkB2ij1UhtBRhUyicfydhrKsHP,94-8975157
Janette,Dunbleton,jdunbleton2f@myspace.com,1PExpNrfi4xkpgN3GCbYjd6tp1ffLG2GZY,58-1344438
Chip,Ugo,cugo2g@si.edu,18jtDUFfahcJMXmjKb1CoDp7b3f2eH1c6,55-5047338
Phillip,Dumberrill,pdumberrill2h@people.com.cn,1PEENq2n3gaQRyDiYDyT4fZYpHCgpN4EU2,32-6740736
Callie,Breem,cbreem2i@phpbb.com,1NYNTLSsQBqPiHBY4xrsaR8iXwm9ruEVBS,60-7191352
Chantal,Neasam,cneasam2j@blog.com,14hNaefsuwNRcSrNwQp1XYm77jca41kZ4G,56-6888265
Malissia,MacCarter,mmaccarter2k@independent.co.uk,15Gu9dgCxjcfEZso5SZc3fnHoXKTYYkYBx,61-5638639
Janela,Harvie,jharvie2l@slashdot.org,1GN6Y67Y1xfGywmQFcxxrU7oB7w1dDumrX,76-3861905
Rozamond,Danzelman,rdanzelman2m@abc.net.au,14R88ahLWwPFff5qgN3zCVDa2V73QooVsm,41-9760587
Florella,Outerbridge,fouterbridge2n@goo.ne.jp,1DiESzFYzPu13jHhuthwMMFcFhuaGuVL8b,27-7777157
De,Bust,dbust2o@icio.us,1KqFrMfaEaSfT5fDU2r9hvQNzL2kRHdTwd,27-5368106
Keri,Sebire,ksebire2p@squidoo.com,1LLLEKXzAcNwH1yN3rdWoMns6so5KoH6Ei,52-2436339
Jaimie,Lamblot,jlamblot2q@nps.gov,1H9kR32k6JzJcg9L7D1sfYm9oRwa71qkFP,51-1820306
Grange,Itzchaki,gitzchaki2r@mayoclinic.com,1LanqtHLB8tkCiGnp7sxHHKSShXNJa2P7F,54-3306096
Marlon,Ryman,mryman2s@xinhuanet.com,1HrijkQupSVESnVx5vdVcewBScTVJy7RE2,97-4730398
Cart,Rasper,crasper2t@infoseek.co.jp,13qammVmdaVTePU32wkjYyM7ji7vVb36jM,33-9713461
Lannie,Norcock,lnorcock2u@indiatimes.com,1KaXGuGdfgCiN4SLiMktNUZEHSoG5PYRXo,50-8361122
Aloise,Zecchii,azecchii2v@twitter.com,15HX4cNcn17tEiw818NVdau2NXZcQXHDkj,27-1890159
Yovonnda,Jarvie,yjarvie2w@hostgator.com,123dM5B164UHfJDfXJzdQff5m4Y1JA2J8U,99-7111829
Derrek,Arrowsmith,darrowsmith2x@un.org,1FF9Duho3jNMfyfE8q7Sh4upTX8MqyGB5d,32-6488668
Florinda,Habbergham,fhabbergham2y@ibm.com,1EDw96adYAsCBoJmNBcnBUiH7F2ZiWUYRA,42-5084057
Maye,Matussevich,mmatussevich2z@ovh.net,1ADzC9KGVNGznFSyFTvLkfbUqMLzjCYyu,40-2599913
Dannel,Giraux,dgiraux30@columbia.edu,1JDtS7QHEXiuLKixeaatNCgnKfCW6njkVA,82-7006864
Nedda,Lauder,nlauder31@intel.com,19sdzUiseuB5UYs9VmBtKCoLvzZ11EYJqb,33-2792025
Brynna,Lafflin,blafflin32@yelp.com,1GDAqMUBC2fU9HbEFgSxFD89x8iE4Uegvp,72-0828494
Lissy,Hannibal,lhannibal33@drupal.org,14EJBuNNkTzHgkZfQfvx38xYorgWSi9EwJ,53-2830783
Jesse,Kwietak,jkwietak34@arstechnica.com,12he2fsfFK2duAQ3hRJnX4WAkV6zW7ZqVE,89-1770640
Mireille,Kemet,mkemet35@tiny.cc,1NZupKbZxmbNR9S5ytk3ug1fhuXein8dCz,66-1312219
Karla,Gwilliam,kgwilliam36@cbslocal.com,153GvFWigB9sN9XBCvH5DVSZaLAByZmMMB,83-3748108
Nona,Smeall,nsmeall37@mediafire.com,1JFTWG9KmEQtyNT75YCrg23XeegH3FMhmH,20-0337115
Lusa,Gilson,lgilson38@comsenz.com,151HM353e8mdVXRA3GPEbdtrdWo2dF7197,06-0332857
Lucita,Kleinberer,lkleinberer39@hostgator.com,1431jYAyn63rn5rx5DuLTRbNx7SEiG7JQm,72-7647134
Thia,Bredes,tbredes3a@hexun.com,1HV1NQrCXJR38nND1Dk6tpdrHHoL5fVrJq,46-0893834
Griffie,Gatch,ggatch3b@statcounter.com,1KjBNzu3tB5DLxBhdyArUyzQvggfZbhpQr,49-9441142
Rubie,McNirlin,rmcnirlin3c@vimeo.com,1MZccpvFSdNcLVkk8oBMaN3khMDN4Wq71r,47-9394378
Garvy,Dougal,gdougal3d@latimes.com,1KUVAps6s9HxVpHqZW2u5WoeVhaqzFdcjg,89-9277469
Mickey,Rain,mrain3e@wix.com,1D7a4vT7uEbvjM3KXMdjgjJshoJsoitmXQ,04-3251632
Ichabod,Blackwell,iblackwell3f@weather.com,13nKw4fP7tp3MbquvpVpPqBgXKwNevnT6x,14-3538747
Arline,Whenham,awhenham3g@deviantart.com,163iQtKxwHtkGrg6aBpjMvjz225NHxBt8s,36-6464447
Gawain,Vasyuchov,gvasyuchov3h@seesaa.net,1JJBcSP3Tv9A3GhMcWHfWxD8guFiBLTmfz,84-1327205
Hilda,Khomishin,hkhomishin3i@ftc.gov,19DRdnbPM7XMcncyL3nfteLhVuwRHVjwLD,16-7601955
Franchot,Paris,fparis3j@hexun.com,1E8nbh6WuBiWyMUV7MS6koZ8iFZnvCL1c6,51-6108268
Waite,Showl,wshowl3k@microsoft.com,17EJ93eNRTUW9UgN4hR9iaq8Avzy6xEBoy,88-5531205
Sutherland,Baalham,sbaalham3l@imageshack.us,1Kun9aKLfQ7NYXfsCtcawNJ9uBUG5BWQm4,18-1288525
Harrietta,Edler,hedler3m@wired.com,13LLFqdCqzJYGN2f3wkHhZ8MEcenwzPsz5,23-5912033
Terri,Zapater,tzapater3n@google.com.hk,16DS3XgcwgGokC6YmC9Rg6wBxLsH9vCJ5s,69-1766929
Madalyn,Gall,mgall3o@utexas.edu,1BP3RancqAuMLMxdmkBSMqKg49YvpkB5pg,19-8069708
Ketti,Fauguel,kfauguel3p@upenn.edu,1yv1HHah4nE5aD9hxv2FtfuNQUSG5i3wm,42-5472621
Tomaso,Hick,thick3q@trellian.com,1HzTs9RbCSRrT2z4HGZQqhV521PV5dJQNR,27-7340560
Klarrisa,Magson,kmagson3r@japanpost.jp,1Ji66vVbfXA87fwWh4QQXCHaxedFyju74T,30-0581387
Tanner,Gofton,tgofton3s@npr.org,149UFojNGkXzx5eEHZSu9A3Zhg47skwjuo,45-0276673
Adelina,Withrington,awithrington3t@sbwire.com,12GYDDfZoeHRtgQGmrxAKEZxZkaAVEfxCG,13-6546923
Sonya,Charlon,scharlon3u@goodreads.com,1Mx6DAfEcvwFzGSGhSvt7R2b9QEXZFPCjf,16-8713706
Nicol,Minihan,nminihan3v@sohu.com,1PNFZm8mhcv9zdUTXaXDNvopDrbLKcHHTY,61-2933300
Marcel,Rothon,mrothon3w@archive.org,1NB5Z53JfyBJ8R9GzEkEFWYsB3FNssG1SM,11-9165834
Tatiania,Archer,tarcher3x@example.com,1MCPN2yUE8FgV6k7G28RovmfkvdDqEhE8t,59-0658241
Niki,Gaze,ngaze3y@acquirethisname.com,1H4H5UXAHLQiAcoUWiLE53GywvqMVdLtMH,82-3992078
Annetta,Leah,aleah3z@shinystat.com,1CedtdjY2n1qS6tV7SnBqpXbhr4VEnc88Y,30-1967588
Tammy,Leindecker,tleindecker40@hc360.com,1M4wY1M4YXeff9jnDiepvYmyonrFdy4cMd,78-8308304
Wilone,Wallington,wwallington41@linkedin.com,1Ln3cYYCAX5A9EbLbFqYMjmC8itqVjHAVA,78-2873331
Bernetta,Simeoli,bsimeoli42@zimbio.com,137JbhngonRLBC9gsPCzjULGGThXbpLr1t,67-8693758
Delphinia,Elliston,delliston43@youtube.com,1CYWsN1PFS6jwgKZscaHPvKxgFtw8QGQhh,04-5740598
Rianon,Couves,rcouves44@scribd.com,188gwPYdKCdUNNvG7Kidyw4KdtxP6C9pZZ,55-2174597
Lian,Huggan,lhuggan45@yandex.ru,1BxjNAqGHVFonvasjW2TqhZgo4w82PgxDg,62-9648789
Cory,Greasley,cgreasley46@wikispaces.com,14xmjwZNH9WYBueExbS5vwjyh8gf7ZMynw,41-5362907
Janka,Hackin,jhackin47@ox.ac.uk,129ug7aQwaZSQ3HXyVJBgcUui5FiS73Eua,02-0581010
Jaclyn,Shurmore,jshurmore48@gizmodo.com,18KB1dfD7p2Ys3Y8UN2vvCKcUA1QG1etFa,77-0023431
Bebe,Prodrick,bprodrick49@i2i.jp,13p6N22uWtrsnTPtkmQzj17Tg7wqrrWcNQ,93-2942597
Hermon,Djekic,hdjekic4a@guardian.co.uk,1AYeeV4LkDo4wuNwtKZkZmUosoJzmhijis,46-3682506
Guglielma,Alves,galves4b@tripod.com,1QFfmDHaeyBb9MA8SbJYgzr3NyfX94wdNW,67-7093032
Margarita,Von Der Empten,mvonderempten4c@si.edu,17HqimHXEsCPy2zLXhmkyAH6Nb1egeiPd1,95-9112426
Hube,Cambridge,hcambridge4d@tripod.com,1LnJUogNzHr9CzFnhBzcCwYsdBN6dyLxrd,10-7885068
Heidi,Rambadt,hrambadt4e@sciencedirect.com,1P6xoTudAb1MWmqCHiqP4kfr1XggcCurW2,68-2937220
Dimitry,Frankcom,dfrankcom4f@instagram.com,1Jbq6tfHB5h7g8D82WtQmro9VvAw1WqkyP,55-0540567
Alwin,Senton,asenton4g@chron.com,17LwD4hbLN2TwhPSzLbpKrU15tBJ4xfPvv,49-2638149
Tito,Tolfrey,ttolfrey4h@altervista.org,1JfQSLAtiULVQZLDMJjEWYw5FVzAtkCBLH,10-7965716
Alessandro,Jensen,ajensen4i@boston.com,1GHhj2dPq72ZdTPw3JdnUbJckbG9ZjiVhW,79-0044390
Cass,Petschel,cpetschel4j@sakura.ne.jp,16Kc6N2Gm9bXDeM3MVMw4sqwigGcXYFK3W,81-9142372
Manon,Paty,mpaty4k@mail.ru,17BSx2Ug2GthCznPhLauVMhPh4AkMhQHwK,09-7123856
Morgan,McAuliffe,mmcauliffe4l@youtube.com,1JZ3vXkJrpXbFc7tkyisWruxzNSRNjTnqf,03-5916176
Maxwell,Dunseath,mdunseath4m@biglobe.ne.jp,1xtQ58kftaGywHU5mkgG4PpgMsRjbaiux,55-5706120
Hartley,Dallow,hdallow4n@hibu.com,176JfW89z9ocAyJNPUjxUdT2QcoSW9QgRa,96-0094622
Boyce,Gresser,bgresser4o@phoca.cz,14WBc9NTXUKfwVvyA9y3t3g7euk8i5fqfn,45-5999546
Marietta,Antoons,mantoons4p@cloudflare.com,12dXFwQ4F3y5p4vdgYYhQczGTBVVL7LPw3,62-4880249
Mendie,Gierth,mgierth4q@posterous.com,1F7S6M5DrTNJEWQRnVWikKNVoBjKYpt6zh,44-6626570
Georgiana,Franzman,gfranzman4r@comsenz.com,13DHkXzJ9tApAZ8VALxMxX1eG5CEFAYd6d,41-1218471
Glynis,Sidebotham,gsidebotham4s@usatoday.com,12pZUuFED1J5amKVd2SHAwvTu5LsS96nsq,35-4570079
Kermie,Risso,krisso4t@spiegel.de,14i7EBfMBzdxpLpLj2WFnq8ZXXjUJf7s1m,11-4360301
Jermaine,Izard,jizard4u@biblegateway.com,1FDDpsFarabMjpJcT9wahJamw9UfqazFNt,14-5257440
Carena,O'Lennachain,colennachain4v@ovh.net,15mmnLUQmFjDkHDq3bG2sWkD21GTPiDrgu,93-9733135
Carmine,Gurko,cgurko4w@baidu.com,1F99DzDbF4ZJW9jxyYEpMwrzZsfBWRGfm2,28-4773521
Federica,Mulholland,fmulholland4x@tumblr.com,1PkNNrktLaL8xhem2SBG7hMpdvC6CmTH5S,28-4786651
Homer,Rzehor,hrzehor4y@reuters.com,17Xm3L4Zx7GF2bdoNDJg4xvXw14EhBuWmH,01-5505039
Romeo,Sadry,rsadry4z@instagram.com,128Bw5Pf4jJxmDAwLNVPRDUpo1C3icqV99,52-4300441
Glynda,Peaseman,gpeaseman50@so-net.ne.jp,19u4tqqsyjm6NhDF5kdJmaJ7X29L3E4fLT,17-4616256
Jeffie,Braden,jbraden51@mysql.com,1PRfSZWc6b7A4HJo4p1qEmHzKyHDQTfdTr,25-9709025
Hal,Whitehurst,hwhitehurst52@bloglovin.com,1PC5xtfGmZ5yXUqdATWJgkNEFSzLWazQ8f,39-7063998
Mildred,Gerb,mgerb53@engadget.com,12wCGKPi7b4trwHxjtrTMN9QXaQuHJgGaZ,69-4522904
Constantino,Maxfield,cmaxfield54@drupal.org,1FLEGiZYeynG69XpeCssDD8HRYtUKey6My,71-9619609
Othello,O'Hartnett,oohartnett55@lycos.com,1BixFe4JjPSrmsXnTtRxq6e87PGyKryquY,65-3854793
Tallia,Meyer,tmeyer56@wisc.edu,1Fqt1fRh5RpU6VYvn3J6qmicvcLReAgAYZ,94-2434847
Mahala,Apps,mapps57@about.me,12ULSWwNJPwPytEXj3FhdhTJHXDA5XUzCk,95-9981133
Byrle,Jarmain,bjarmain58@gnu.org,1NV1bBvRXZutAoEsvmqqnbKcaQr9T1aGND,59-9439588
Conway,Gatty,cgatty59@google.nl,1DzHc35g9iUB7sE29JzbnpuRo8Uf1mqr4g,81-6294093
Fayre,Scotting,fscotting5a@nifty.com,1dDmqNznUn1pUiJS2w2fPQfoCyzJ1zy7A,58-7635084
Louise,Gors,lgors5b@businessinsider.com,1DRCdkjJZTb5YVnENYfSWRRHWGYywMCWDR,04-3541589
Saunders,Ciciotti,sciciotti5c@51.la,1CCY32JKmDT5SAk9DjoTXq5ot4KLGd7S5B,17-4814994
Weston,McConigal,wmcconigal5d@ask.com,1NEAG9tJj9Q58uqMATNCa9K3Wike7cYa4t,32-8515105
Cecilio,Cadwell,ccadwell5e@indiatimes.com,1AZ7ppaJvWuNF4vA9rqGjsMkTZ5cQxynM5,23-6546935
Letitia,Messenger,lmessenger5f@walmart.com,13z41bPxoUCNfX5Fj7yAB8sQhqcUNCrLkE,55-8490823
Bradley,Claricoats,bclaricoats5g@google.fr,12FCRRQoUe9JZPH3hsfxDiuRrBuGKiTuh9,61-6193262
Mel,Hanes,mhanes5h@goo.ne.jp,1GsH6fHP1JR4g1LKzRY6QNFrGYFF5frz2z,04-9407781
Durward,Town,dtown5i@xing.com,1GyQAoAhTiVZf8nMcAJjnSCoK8MpfV596G,41-1307670
Sephira,Trime,strime5j@ning.com,1JEmRn9tx3FSEhKBfLFPXyQLD79jHxQqRu,75-7178170
Claude,Dando,cdando5k@un.org,1JDpkKmYRgCzwejo2iSSknDN3Bi4n2UF62,02-8233923
Allix,Gaskin,agaskin5l@simplemachines.org,1HF88ntDznHHnzy9sKn8NuJZD2UmzGGHiH,26-6806968
Asher,Clemens,aclemens5m@theatlantic.com,1NrCkat49uk1qeieCLQ19uunbRiUKVimbx,71-8574205
Jeanne,Haeslier,jhaeslier5n@jigsy.com,175cDmdY9bmVPuLgyqbX4372dn9ij7hSei,69-2455566
Eugen,Osgardby,eosgardby5o@miibeian.gov.cn,1CM4WUwfB4kMwmVoUL6Nfdzw4ccmSBnvtA,71-0110658
Gretel,Canto,gcanto5p@google.com,1B9375RVk6ipvFu4AgAQD1fKruxotYseri,18-6230435
Nanon,Brundill,nbrundill5q@goodreads.com,1LG2g5KRrAsqgwGjqfqQrVVkmzZpGMY74a,68-7110688
Kellby,Bruyntjes,kbruyntjes5r@statcounter.com,15mbxzbfD1EKWVLanrh91tT5jpf2dD6xpu,45-7289295
Farris,Rosenhaupt,frosenhaupt5s@is.gd,1AUv9tvF9sZabsLStxF4JsiMvhUsovibh3,09-2117749
Davida,Weavers,dweavers5t@weibo.com,19RS93HwY8VP4EtFv48YLheEV8BnAyWjoT,86-6657938
Edita,Wood,ewood5u@indiatimes.com,1MWhTcVrBEYoh4kNQ3d9tKuuQLdVKdkkhf,82-7410249
Bryn,De Few,bdefew5v@soundcloud.com,13GycJqGA2npemxQQYfdDSHVPCCi9EsnVv,05-4076275
Rafael,Annett,rannett5w@tamu.edu,19AGe5fGrWcTRXV66SxyrhUPgs9AzBsjL2,36-8745067
Carolan,Daubney,cdaubney5x@earthlink.net,1D4fCdeysqjNQagEehpjjTtjFgfQb9NhtY,56-7272631
Amata,Blacktin,ablacktin5y@google.com.hk,12i4RYxVLvE8bNSVAcw69jf4ZLpz7ZZASJ,21-9413338
Brynn,Tomasoni,btomasoni5z@nsw.gov.au,1HDiRs2yLSQmrxupjLPSwokpRWZ3B3Pas,98-8107983
Hali,Hallwell,hhallwell60@surveymonkey.com,1GGRC3hFdGrm9WP8gYR6SbCgPPG6m7GHCk,84-9472353
Hilton,Purle,hpurle61@engadget.com,1GmerXwUQYU5YGgnf73MuxsZGoxb5xmboQ,33-4604381
Darci,McChesney,dmcchesney62@icio.us,13B5p9wbV7qwDQA4C9yn7Bwn4dfRpoGFwv,12-8098391
Christoffer,Spowage,cspowage63@acquirethisname.com,1N9yWE1z8QZFJQ5JkWr8j98v1VRAAT4yAt,86-7964527
Winonah,Waulker,wwaulker64@webnode.com,1A7vGaVzUXReYUgnwB8F2TBnq62HuxGJar,88-2855337
Nady,Halwill,nhalwill65@amazon.co.jp,1NVi8SnqAHZ4ALWrCWeE13ybxN7yD3sMug,39-5295124
Silvio,Gabits,sgabits66@ow.ly,16bpsrTERHTYuyTRxVkTYN27uLBywmGbeQ,11-3257934
Derby,Piell,dpiell67@google.it,17py9XW6Y96yYMRoJMnhFZt6XrtcAAMEJt,40-0369561
Drusie,Brilleman,dbrilleman68@dion.ne.jp,17bPB49NaFRihMZHQ5skGK61E9xi4ZE13t,51-0217935
Ravid,Back,rback69@yahoo.com,13qigvXrxPYwgab9EGmG5dZCBVLF2MRaTT,40-9260053
Trista,Wanne,twanne6a@qq.com,12TngHRcimJB27rbS64q9q6qG25b7GH8Fx,12-4222183
Gil,Acum,gacum6b@marriott.com,1BQgUGMFuj66XYZ7qXeSw8aV3fWeP2FUfs,32-0848552
Maurene,Burnsell,mburnsell6c@jimdo.com,16PJg6XG14iKDUTpeb5z178qjKKiqPk9RA,78-3818308
Aluino,Gresty,agresty6d@issuu.com,1JdwkMNP2DnC8EeHtXupJsF7kJ8nkWaxnq,71-4168908
Hilary,Sharpus,hsharpus6e@weibo.com,1KCSzzYyZxBRAKrC4GHz3JZoz8vJmxub51,89-6053864
Sutherland,Strathman,sstrathman6f@msu.edu,1GNXA7HqvJfocofoq6pEhW25pDb1uXXY6o,95-2043213
Mandy,Itzhak,mitzhak6g@purevolume.com,1PB4bPUjmKYyZAw1ptDfKygYf98xYFpnoz,72-4098694
Martha,Stuckley,mstuckley6h@imdb.com,12Hh3ANuwP4inU6hbxECsZ8BPbkXqxBgXB,70-2034865
Izzy,Haskew,ihaskew6i@squidoo.com,18r6tAupBiZnBN1gr98LBp2v1H7pnPFj1F,04-8294036
Fraser,Testro,ftestro6j@parallels.com,1BcVAfKHjATkUXPsAEueRUFpLDawdawNiZ,80-3538137
Alecia,Hunter,ahunter6k@infoseek.co.jp,1C3E5cj3yVQEKKWW9puwW357YHVwxqBNde,61-3124779
Bobbi,Goney,bgoney6l@creativecommons.org,1NDhpSQAo8tQjdiYWUfje4NGkbySxgVwTZ,00-4637517
Marketa,Rebeiro,mrebeiro6m@accuweather.com,17QyDGbJzzUEAdC3VStySSC6U7jztcZFb9,40-0357934
Morlee,Casbon,mcasbon6n@japanpost.jp,15tuP8kE5zkr5pzy6tUWoe8EWYz3ge3WbV,62-3277299
Tilly,Rikkard,trikkard6o@google.ca,1F9CzuprVH3QQmjXGS8YVUMXCTUNT34fYm,60-5975221
Kipp,Bamell,kbamell6p@fastcompany.com,1Cb25VBMKWbfu1zisu3YofzBLSwRSXrkyj,76-7825667
Whittaker,Gatland,wgatland6q@amazon.co.uk,1FbPArmDQecba295deQRq3Ga63eCzSzfXc,25-7015707
Janene,Paolacci,jpaolacci6r@census.gov,17GSakxR3P7CD2RSsd34ZEkwYb7tN1Jdyr,90-1030368
Rebbecca,Elsop,relsop6s@usatoday.com,1AFwA5p9woqrtu5ExrPJy4daJUzrrsCjTU,90-8298401
Gilbertine,Mabley,gmabley6t@tinypic.com,1BwfJ9iyibN2evuDdjY3oRPuSMTxyVqjoN,26-9237630
Clarey,Boraston,cboraston6u@aboutads.info,17ksJUCurvv8X1jBZKVo5U1zh4bex4bawN,40-2091998
Howard,Gregolotti,hgregolotti6v@nba.com,1PDVDUL9LjoqLYKApfWkcaPfcyGwejJoXu,58-5128947
Salmon,De Lacey,sdelacey6w@netscape.com,1rCWKzNvZJMRfLojaGUuCRCeLDp9THP9Y,91-7279471
Nikolaus,Morin,nmorin6x@phoca.cz,1KPMGAc8NwJp7aHTYADbMF28kXG6RyxFGE,88-5981611
Valene,Covelle,vcovelle6y@posterous.com,1Amft2qyFTRUegc3KWyKJJzdLHVtnjmQY5,54-3425451
Marvin,Hinge,mhinge6z@spiegel.de,1PoHZihpFj1HENgN8wM113PvqNfYGJMf32,18-4915012
Hi,Anersen,hanersen70@cloudflare.com,1CJo9PwmFYsDzCte8gE9zsGEGEEW5k3dAv,88-0442926
Jeana,Joscelin,jjoscelin71@globo.com,1AVm1R7mdinv9TeW3pJjuvGa3yh7cKjRhj,36-9066299
Collin,Conochie,cconochie72@com.com,1DYWB4ncfQpVwS4UGRWpcWo9ukPrJXrYgZ,15-9998546
Riannon,Endle,rendle73@squarespace.com,1P1vDnpC2mh76aL8Exb7aovjxANXAKi7rH,93-7200708
Yehudit,Suermeier,ysuermeier74@histats.com,19q44SksgFsRE6GtWhoZVZusuhwFMZk7cJ,87-7626032
Aimee,Tytler,atytler75@adobe.com,1DzbkT9aUjnwdw626KZd8CzRBNnkKcgXAu,15-0492598
Mandi,Lentsch,mlentsch76@epa.gov,143Zfow1mRdpdnTVSenkBn77Bo8XY5vALC,28-8130990
Jakob,Hendin,jhendin77@springer.com,1HktBpZB4FK4KRxpTdrf2mQMeJynbvjynU,23-9063764
Rosana,Ansell,ransell78@51.la,1Cqges8xorWf24jqizghQsXrYWfzxQ8pNL,77-4537867
Odey,Aldersley,oaldersley79@w3.org,1ModXSU3RUrw5bN8LmT7EWavc7BwhMMemF,06-8551457
Leesa,Stanyland,lstanyland7a@g.co,13NE4iiGj2hzVH7w6AbtfAxrcszadF9EWJ,07-6698614
Netta,Effaunt,neffaunt7b@creativecommons.org,1CcBZkC73DQaeEY1mz9dCpSvgT182z7Dqs,14-9306257
Bogart,Kittman,bkittman7c@biglobe.ne.jp,17tp6MeHvMZNQVd2r5LbvTmW7wE5idYpcU,39-1113532
Carlye,Bedburrow,cbedburrow7d@globo.com,139rvp4kqT692NBBbAouawpngfEGoEyRVV,45-1889396
Aidan,Pymm,apymm7e@pcworld.com,1AW5e7t6F8TwvdfgPsbCZJx2HHaX396Jxg,21-1097620
Barthel,Loftus,bloftus7f@shareasale.com,1P3jDKNyc3YCy8f9Th6kGpLd79h6SqW5y,95-9543273
Shea,Branney,sbranney7g@php.net,1DNdeVM6WFopd73xzGrscUv4TEtMte32cT,88-7250199
Celina,Bustard,cbustard7h@netvibes.com,1FNP52W3ZkR9RA56nVL3QaqvfPMUmU3Ttk,44-0603052
Shayne,Bradd,sbradd7i@latimes.com,1cLec1VGVy41vGBDjSqLZjQRL7stujptZ,90-1893966
Danyette,Delgua,ddelgua7j@alexa.com,16ZX8p7GinMhnHf6bbSHPWJLU4dXToNyXB,16-9572493
Wendeline,Laurenceau,wlaurenceau7k@cmu.edu,1g4dDJu7gPB5G1TcgdQ4BbkF88oMiGBg6,36-6823423
Lewes,Chafney,lchafney7l@upenn.edu,1HC6SKCLFhaDT9U17fR1SBywsJCXP1qAx8,75-8387050
Bethanne,De Filippi,bdefilippi7m@jigsy.com,1L5v3sjd4MEMtbimH3skEBXiUGgHuNmDet,16-0406302
Tabbie,Kilner,tkilner7n@wsj.com,1mSQzFHYtYsReYxyqMLA4hzLabmSwFyJa,52-1570119
Riannon,McIntee,rmcintee7o@list-manage.com,1D9cXBP9P3xgPeXgU8zKSvfjB9NJaeaRxu,37-8964456
Violette,Fenny,vfenny7p@google.pl,17f1yLMqFQNPckTmupjNWDj1ew51746c2,86-6461544
Mattheus,Ruddick,mruddick7q@technorati.com,14uhftz5RnF3uT67R5qrwRwoNBa1dxzpmo,53-2788174
Broderic,Forder,bforder7r@imageshack.us,12YUeaDwzC6nV4jLok3zuMpprPcss7tNrq,95-7343380
Fey,Langeley,flangeley7s@desdev.cn,13ZEcXmkE52Fwai9zsfA4bgo8NMmW1gc9r,07-1365718
Enrika,Itscovitz,eitscovitz7t@java.com,1P69E1QgBfW6jAKScLPRazJnubPWMK1JUe,93-9128726
Somerset,Hubbard,shubbard7u@army.mil,1PjJxZYdCS39x7dATkPdaa8Hdg1wmQ8MNp,15-3248058
Jasmina,Edis,jedis7v@networkadvertising.org,19tc1zyWpgwvN7Yh86AiCtJaTrfE8Km6Jf,45-1202727
Ashton,Mingardo,amingardo7w@businesswire.com,18SikchxbsVCW8ThRfV9A293KzmuvAA5Vj,25-8918801
Zelma,Farreil,zfarreil7x@bluehost.com,1Js1LX2brs9CJv8e3mcvSCYUeg9ZCW2WHi,48-6362176
Breena,Hendriksen,bhendriksen7y@cdbaby.com,19sbCMydFkfxj8cqxKRBeM3c3SGcZ82SFm,02-7924713
Lanita,Medina,lmedina7z@hatena.ne.jp,17UFY2juL5wH2hUgFWT6TFAFq8xQ63hiYc,82-0476793
Henrie,Moan,hmoan80@xinhuanet.com,1HXjnuKwbTb6zhwEQWFmdWqPCi9j4H3tZ9,13-4176602
Chas,Olyfant,colyfant81@qq.com,1MEoNJQVjJ4q9SuoRrA45CCH9heRCaJt7k,74-1898169
Dorene,Voase,dvoase82@123-reg.co.uk,19YBbCUpAWEteo9Sk3GKPg53tCkxPWvtom,52-1099097
Lara,Bett,lbett83@jigsy.com,19FHA8vwXvm6xbe2Wv2WqnUUxKxJhx8tjJ,96-5818945
Zsazsa,Topliss,ztopliss84@godaddy.com,144cBiWtZ2N6R42oroMfCAVTYWHXzebKup,96-1211572
Evelin,Normadell,enormadell85@shop-pro.jp,17WAKNgeJPP1ooWnz9fVASc4BSR7xXTSZG,82-9772760
Rabbi,Woodyear,rwoodyear86@washingtonpost.com,1Dfq6DMuXnukRnt32WPLiNv6RvQCPA7gB5,14-3346277
Torrie,Mulford,tmulford87@slate.com,1LACAEEU3faAe1fwGnFvxBSd8c9sQ7u9BZ,01-5640733
Claiborn,Klimes,cklimes88@walmart.com,1GYFnQJekPF8Pr3xQq9q4CDzsPjvPohwBL,69-5313623
Westbrook,Henriet,whenriet89@hostgator.com,1FDzNCA6xD6XtcLi6qUbTWFmCoyr565uG1,55-6478619
Elga,Pidwell,epidwell8a@mashable.com,1KYbpSmoXroif1v6YmhZZSeVnNs9BeN3id,95-8083014
Jone,Wennam,jwennam8b@dion.ne.jp,16fHqz2XxDCXDrXwNRJw9gVtrzq2knKCyU,47-0944952
Case,Cockshott,ccockshott8c@sfgate.com,1CfA56g9VEjBtQv9PBU9XjzFNnpkcZoXzf,72-3063099
Jerad,Rawls,jrawls8d@ted.com,1BAPP8qh6UNSCQasKZ8w46XWcqi2SdpCi3,67-0797920
Torrie,Gunnell,tgunnell8e@istockphoto.com,1LRxYPbfbSASweUCQQhSLUtNykK1LLqfUv,43-1728409
Winfield,Glenister,wglenister8f@mayoclinic.com,1PasU3aR8GXoXTpJrCbZq5PRYaScJ1nxfj,25-6601945
Donnie,Iremonger,diremonger8g@pagesperso-orange.fr,13ZRqvTTc3qCRGsPMuKrfraGSa36TA6WKC,59-0563215
Abbe,Sentance,asentance8h@yahoo.com,1CqsfUrkKsJab22dp8MSWAryQsGJM4aHSS,88-6303064
Ysabel,Gilbertson,ygilbertson8i@indiatimes.com,1PdR3Z6hxqw1cJMjfwsr64rVigfnoBYD2L,92-1783147
Hebert,Drust,hdrust8j@devhub.com,14HttukSPmsgt5pkY7AGSSjwGQYjYfmLKM,55-5529307
Elsworth,Livingstone,elivingstone8k@noaa.gov,1P2zTPmqXtdFD4916DpNoX4ZhowB5drUTy,61-8142835
Dorelle,Erlam,derlam8l@google.cn,1NJx1fo3Rg5GBccgbb6VDxApuENUswcsGz,92-2320422
Alex,Lampard,alampard8m@ca.gov,1MVJCd45idBrsT41mH9Qcj9yGGiz19Pd9i,09-5796221
Jacklyn,Worboys,jworboys8n@soundcloud.com,14jYntdQd3BFhGqbwZAGDGWfWN9bwd9tSe,88-2829622
Pietrek,Deverille,pdeverille8o@uiuc.edu,18GKQCRAzQ5gap7vuMUXDbK9GyKmgUgGwG,20-5178388
Garv,Blakesley,gblakesley8p@over-blog.com,1AFwdojPM1Rkpqf4A3TDuNuCXuCbAMK1My,12-9627925
Doe,Laker,dlaker8q@si.edu,1ChGtPiv9gTR5yZC7HLgTzJorYrywmZRFo,23-7433361
Clarita,Bazell,cbazell8r@msu.edu,1MkNcCFVMuQ4QDnUvLGViQMUYVCi1YhEVn,91-4900393
Nate,Cherryman,ncherryman8s@unicef.org,1AFEkhdfu1TwbG6ZA4118qDUr6moDMbGdV,70-6976589
Riki,Cockhill,rcockhill8t@slideshare.net,13nkdMZ9XjcwqFwssk7nqZBQC4bMdWhXj2,96-0064970
Jsandye,Gettins,jgettins8u@mozilla.com,1DsuBV8JTNyf6PZnz1Nb9aoDPwAVuGCbi5,67-6380780
Janith,Minter,jminter8v@ovh.net,1A6DsM7JTCiAk62yi6vi4VcZ3vKEMA5mEx,06-3466201
Lissi,Driussi,ldriussi8w@boston.com,1G2ZKn2AoAPWf1gtqqREgM5Xu6CAdqu2bo,22-8276183
Olivette,Rosenblatt,orosenblatt8x@ucsd.edu,14QQKG3Q16uFuKeCc59CBSJuuXMAkSU6Tz,21-1826126
Charline,Deer,cdeer8y@army.mil,1KqhxoDqHSEFTCYHRgiD6vSNiNQKXPneG2,33-6703553
Hurley,Davies,hdavies8z@sourceforge.net,1DQ9bGDu396PMJAEFvdKAtg6meJL9HRQiA,93-7320833
Della,Mecco,dmecco90@ustream.tv,1MiBdxzCFiUMS3i1yCPzpHcwzGzVwJadnA,04-6049134
Putnem,Sollime,psollime91@guardian.co.uk,17AaP2t5MBbkaM5TZGhBbybVJmWdZ56jTa,67-6204149
Ciro,Dalling,cdalling92@mtv.com,144qMTstYb8K9oTGuWZVqxcdmLHwmwYEHD,14-0196182
Rodrick,Molan,rmolan93@studiopress.com,1GWcUKv6J7REFzHhbp3tUVRiecLMDZqbq,41-6442020
Eadie,Charte,echarte94@blogger.com,1Go4DH6PUpQVEhWbAmbdoNxtCTE5qRBHyh,20-9776813
Nerti,Sichardt,nsichardt95@ustream.tv,14eC3H2WaADKnkUnNuAZnbMQMxosM4kyDY,26-8953637
Camella,Leverton,cleverton96@chron.com,1FBFWtyYdDafFdyqsNEhqcP5XTTN7WZ2ZE,24-2695136
Sidnee,Stewart,sstewart97@live.com,1Q56PhAJsyqCJMFn615iJcsSxHYiU3cEFc,04-2930595
Anestassia,Burtonwood,aburtonwood98@phpbb.com,1MfLkNdmxmu466ybQEbdS3AeDDJqoJzmED,82-8236283
Sonya,Mulroy,smulroy99@webmd.com,189fXiBTmsKcqjaxNLdL3h6uPyL4UzvRqL,33-6460174
Franky,McCay,fmccay9a@weebly.com,1L29pgefLZ4ZwfnxXttyctvgtSWRujVWTp,02-2926758
Al,Catherine,acatherine9b@patch.com,137c6zshJ3FSDmoad7V7kr4iGz6orhhDpN,33-2300880
Jozef,Matthew,jmatthew9c@xing.com,19JzPoseoKfyz18biNU1p1cpLfQqo9iLV4,15-7762143
Mic,Bielefeld,mbielefeld9d@elegantthemes.com,12R35KmFxHk1GHqWyCKszTJhwbnpbiL4Da,53-0092072
Daisey,Purseglove,dpurseglove9e@miitbeian.gov.cn,1B17xRfSXZvfhszjeDVheS3YrHHmFpvC7b,99-8290662
Danella,Kennet,dkennet9f@ebay.com,1KiRgS8WwuzsbmV4qznvgQPfSJ8hVgqh3G,71-0832908
See,Maynell,smaynell9g@vk.com,1LWhNt5RzgNZsUfXVJPqeJqkToFoboPBbc,62-0739348
Calida,Cottu,ccottu9h@privacy.gov.au,1FKTLygERHYDsjLZp5KryY7XVmMBzqANyE,66-3418517
Gratia,Plumtree,gplumtree9i@jugem.jp,1MfB3mDJmKW5gDSER9iqgnjFUuQNxP8iDp,28-4497738
Anabal,Rowney,arowney9j@ed.gov,13fx7j6a8HEEMraNvrnqH78FX7HZSijzn7,80-6278155
Stirling,Brugsma,sbrugsma9k@huffingtonpost.com,1NtEAKQMmGvHsqWjrdtxj5EPd3hkKFoNui,21-1249629
Earvin,Pemble,epemble9l@rambler.ru,1PGCwYv4Hz2nSn8rCZLLmUaBvNSQNXJ9Wa,17-1346492
Normie,Lyosik,nlyosik9m@amazon.com,1NFFU9pSbPBwiUqRi3f5jdMkJfddSTmRfy,98-3642808
Rowney,Parratt,rparratt9n@youtu.be,1EBc1b6Y5n8f7nxk3z3zb4ZjWCEoZfBttb,36-3446507
Julian,Whiteside,jwhiteside9o@hatena.ne.jp,1LiLZVjmjSvY7Z65rFXc5NgVQPaV9JwASj,97-4266356
Mason,Boni,mboni9p@discovery.com,135d44SbuGMrLRksBCyyJ2MQigM8SHSV2y,22-8279703
Linnea,McGuinley,lmcguinley9q@nyu.edu,1Hs75YZMoTyrw1YJcFT22ctZ2D4Z2U1dyJ,40-9268902
Waylon,Emlen,wemlen9r@plala.or.jp,1BNvshpkx8yrZZeK6SuPQ1XazzWPfToQuJ,28-5361575
Mason,Fishly,mfishly9s@hugedomains.com,1GoNJ8QH3hFFgYQFwhcpnyfHAbF1cYrhpS,06-1079672
Giana,Dobney,gdobney9t@google.com.hk,1BHHFXKHvodqv3eRPAeRzLQRudzDxgoVoL,23-3016946
Marlo,Wornham,mwornham9u@vistaprint.com,1H3eN6kCT6jkLTWPmm6MZdrmjMMGi1JZPH,88-4087033
Enriqueta,Laydel,elaydel9v@timesonline.co.uk,1LSpkn7BKcwyFS7Rhwhns8cCZoVNLamacm,88-6073972
Janna,Marner,jmarner9w@naver.com,113g8HpJ62tNMqHZnu7kY3GZcMUk1w1Mm1,98-6764702
Bertina,Mathonnet,bmathonnet9x@soup.io,1BRXTazHaJarLvPWHAS1D9RyuzjTNhqPrG,75-5547114
Stanly,Pigott,spigott9y@bloomberg.com,1PdfEhwoZBvjim4Me5kqf9FEHhfboMiiHJ,24-3867683
Wren,Comerford,wcomerford9z@reference.com,13rBNss7imW4GtrotkuSukWaU1piqfcAY1,90-1628850
Gerek,Arundel,garundela0@last.fm,1KMDQDKzHcqkwRn55xdUR6PwHvTiQk3qAS,07-2656028
Sosanna,Kingsmill,skingsmilla1@shareasale.com,1PAf3nXsFo1bE7jr6qevQPUMjqmDNCEWn1,12-0275203
Sargent,Comben,scombena2@theguardian.com,1DcCmmtnj8NKrF5HwAGuf8CCB6mBLEbGVH,76-2391138
Tudor,Freshwater,tfreshwatera3@techcrunch.com,18k4RM13hKeZ7AoUvhVEiRgCPxDVifhetC,61-8411054
Ranice,McCallam,rmccallama4@nhs.uk,1CMVAtV9dQryxWFXyRCu1YQv7A5qHoUwVF,15-6025919
Elspeth,Laurenson,elaurensona5@usnews.com,1Hf8aBy7tVapirCAi1ZvomdCNuEfucR4c4,70-5880309
Arlyn,Jentzsch,ajentzscha6@ameblo.jp,1DGX3JkMyMjKr8bHa6W5jkx4eBqrFMakBC,43-0443410
Debra,Berendsen,dberendsena7@blinklist.com,14hHUWEHU2ZRDyneqy5B2ZFacgnjAvefqd,49-1547644
Aurthur,Kuhlen,akuhlena8@bravesites.com,1EUqnshk9dNp2DZSAnAVWwauHzA8cPvjtj,72-1786991
Gay,Haggas,ghaggasa9@cdbaby.com,13krh48Gx5CEMc8diPohcrdzbP19Eonv3m,35-3599777
Mei,Garrals,mgarralsaa@theguardian.com,1EgTHRNjpFsP36AB82oxpM3JJvn6Qm8eq4,08-0554114
Kennett,Kainz,kkainzab@google.ru,1EQB9ztnKtT4fYA2mx2Gr8fFKT4srCbU5i,40-8991319
Marketa,Terbrug,mterbrugac@facebook.com,1DGPBw9mbTSCVovUjBh41v5bU1CEtNvN1Z,25-7851958
Tierney,Rosenbush,trosenbushad@imageshack.us,1HGakxhxMQqWJKFVag6Rt1jYtifuZe1WqP,57-9424793
Mervin,Konrad,mkonradae@spotify.com,1N7XAF26YL1fMgeqdNaJXNjpKBEymUhf5f,85-8938332
Horton,Downe,hdowneaf@unicef.org,162qftz93ACiecdAc1Kdy8BoFU67oa2N9V,42-7870698
Nester,Valasek,nvalasekag@netvibes.com,1871JZAYzyZLZYKZpN1oE2VJcQvkZdGwPG,03-6392995
Briant,Garrud,bgarrudah@bluehost.com,1LExnJdgRM2gfJ6K49dtqe3z2vJUcLZ3wh,01-5555155
Zondra,Poultney,zpoultneyai@example.com,12xP3Z91kuqD78FSS9t4SHnXsQo4hmCQY3,21-9323065
Son,Arnecke,sarneckeaj@sfgate.com,1PiqVMyTEbcjydc4PBtinwyjVRSNisQinN,45-6110088
Tallie,Mailey,tmaileyak@theatlantic.com,1NutMvuGufyqAMvGuwJxoLJgcJnX3BF1Dx,46-3776533
Carroll,Saul,csaulal@nsw.gov.au,1AHjinHVDpUUxh4Z9abXS6fkAYk6Y63biJ,51-0245376
Marion,Baddam,mbaddamam@last.fm,1ErqXAm51VxVnqPRg6dSZpy2GL9adzqbZ5,19-7261198
Marget,Walford,mwalfordan@addthis.com,1JbfQSeA555JWsNkf3Lxe8UrB1pMqbrNXH,36-2313665
Elizabeth,Ambrois,eambroisao@clickbank.net,1PCzafnCcVx3LgrREpArQZ33CbnawGVWKs,90-7921343
Selie,Boxell,sboxellap@aboutads.info,14i7FbGUvJnq6mu8d41EGAQ77irk1Vxt63,49-6417722
Tildy,Broxap,tbroxapaq@digg.com,1AekiaUUY72sqJKjHSzJ3Cc7DCrPQxfLDw,34-3348991
Isahella,Juarez,ijuarezar@biglobe.ne.jp,1NrpF4H8jGnuDPJ4hc2ZPvzcrqHcGdL1Fo,37-6729679
Yorgos,Gallymore,ygallymoreas@foxnews.com,1DGfytMSfgxgiuHT7VpjoSfEUr4D6m5kPW,64-9320513
Kathrine,Bateman,kbatemanat@shop-pro.jp,14GHqbSDvArk8ad8aLrus4UoQbR17JYccU,97-1871543
Gardner,Waddilow,gwaddilowau@google.com.hk,16EbRWbFBJayWdz2yxqrEEiAdZkcxYgMpm,78-4293626
Melly,Cobley,mcobleyav@huffingtonpost.com,16hpF5K3QkAiciMgD4yMm6h1CwKnebfeLd,72-1697330
Dionis,Burberry,dburberryaw@fc2.com,17u2tit9rDr52Njqc5rg9KpyjtfDakCpzL,82-6718741
Der,Gawthrope,dgawthropeax@ihg.com,17eB9odJJvdzGYdFY1zZJoxf4k6vz2aauS,77-5677253
Katee,Kleinberer,kkleinbereray@netvibes.com,1ESsM4eFAvbFfmnH9QWP3u6YajrmYVBYhA,92-9940842
Jammal,Bonifas,jbonifasaz@furl.net,12WnyzERX9pgNsNUHraLQVfxpbWfbZPa3V,81-0670377
Coriss,Earie,cearieb0@columbia.edu,1BB7kdK1eXQEsCvQjneF5bdNDkiV43Uux3,79-6275717
Adriana,July,ajulyb1@abc.net.au,13mXvghbDWsDY2WpMpr6TXDSR7emY4rvEQ,83-3547149
Ruby,Matuskiewicz,rmatuskiewiczb2@webnode.com,1DzsPDJiVdQZhp74niA7NeJr8DEftSRaGg,62-3749212
Sigrid,Manvelle,smanvelleb3@exblog.jp,196wEdMAphHdnfgaWeZBUhamApkeMv95qo,27-5758367
Trent,Feares,tfearesb4@wix.com,1GQWDwrszxFTsu2SB1ZFJ3smFcErK5mKsS,57-8009878
Jessika,Reyburn,jreyburnb5@reverbnation.com,1fJPUX7K5gmPgvjquEKtF4bZCNqczVemi,97-2665468
Fleur,Lidgard,flidgardb6@xinhuanet.com,1KkzrMjz8VS9bMiLR5z6CydDdtrjDguwoy,42-6706719
Ryun,Greystock,rgreystockb7@npr.org,15w3hSVnpmQnbcN9gDiY9tCHEdk2VvWWsg,77-7414465
Nico,Gilders,ngildersb8@issuu.com,1JzzVJQLv3UykrePQcUqmXKoop5KdZJ6tZ,91-8524718
Robbin,Pyke,rpykeb9@youtu.be,1mU6ff8mWeQC9KcTHGVznvcZewpkQk4Qb,77-7640174
Rees,ffrench Beytagh,rffrenchbeytaghba@admin.ch,1J7u154R4hy6PJ9MvxCokXDTHzLVEYnJUP,93-9337346
Elwyn,Lansley,elansleybb@ycombinator.com,1LeqtbLcNSprGhs2789VADL6ZU73twosEs,61-2024977
Sidoney,Regorz,sregorzbc@google.cn,17AYJ7RJ2FJYAo9G4cjwXa1jgA53BmVLkN,75-1931681
Phil,Chalk,pchalkbd@nydailynews.com,17fPrJbX1b8gVg8TMRyzTi2pPiHAXhUrze,64-1656074
Vita,Jobe,vjobebe@go.com,1PhvwNiRc7nxv6HuHJFjYuqhhyGkv3erPC,77-7605369
Bonnie,Hegel,bhegelbf@seesaa.net,1GVhamuF3Q6ocuvf66HYMXXkoh8g3a8yXV,45-2292168
Hynda,Kinloch,hkinlochbg@disqus.com,1HyDf5CNL2HN3vabZzY8TiqPMXg84dgFgv,03-6282217
Bartlet,Ianelli,bianellibh@who.int,12xdnBm6YW9EVit4guBExah9G6LRg8s37N,83-8002515
Archer,Foulgham,afoulghambi@msu.edu,1FQrLqzo89hLXPCWzAsPsANBobH7yfPyVq,91-4173292
Agosto,Braley,abraleybj@weibo.com,16YvxfknuA1W7QQGiz9D2NfNeFnx2zqdAw,98-8325221
Alidia,Vauls,avaulsbk@reuters.com,1PHqdAhzZpsygu47XqEWWJsgNHQAS5edRW,33-4595575
Maire,Guttridge,mguttridgebl@who.int,1CY8yjXhCJd5YFiw9Xssq2725Cm7MMBL9F,05-5665622
Anestassia,Doyley,adoyleybm@theatlantic.com,1B1yDn18hzomHxjYWk6xuv2ai1o1yWWqR8,50-1616832
Cello,Laslett,claslettbn@liveinternet.ru,1Ri1kQGLRa5SDnwNZGGh7tYK9xYFwDRC9,89-6109986
Terza,Abley,tableybo@unesco.org,1JT22A982nSQ3T1uvoB4dYrKn5Drk2TG14,99-6864979
Pennie,Klass,pklassbp@so-net.ne.jp,1EyMk9oqm2ke7mWeypMjyhM7m94K2kBfqu,20-1779389
Siusan,Alcalde,salcaldebq@nba.com,13qSpNfkZbzZR4Fes9mxEGB2QQad2Ytrpc,85-4532047
Renard,Tremmil,rtremmilbr@cloudflare.com,1NrHB9u3LZfhGxSPRzZfx8LdjJfXE3Sm42,28-6696058
Audre,Lytle,alytlebs@usnews.com,14RQauFsBLMvKgKisfRxPnNe4VsKTcLzCV,31-2598064
Smith,Binnie,sbinniebt@jimdo.com,16nSMCUWmYoEXGtZ26X7i9fuRJnYkH3otk,34-9782840
Tildi,Cunniffe,tcunniffebu@businessinsider.com,1QAe82aQvJyNQc7BYDhoRQsgbTam9HEwwL,98-1814220
Amalle,Witson,awitsonbv@ifeng.com,1NzxbQFoZvHnspmKUN4JRAMSbEeS2hfGce,73-9198759
Purcell,Dulanty,pdulantybw@state.gov,1KGDmA3MnRpYwmUPd1nKF8c5QbDzwrgLTD,97-1837855
Tanny,Dummer,tdummerbx@washington.edu,1EAU2RsoXZjHMRvAvzxsd3mYorsYmYBMu5,69-5147656
Forrest,Blann,fblannby@jalbum.net,1N6N7MQbHFTbQmcFDfENDAzrhLV6DnmLXm,01-8840024
Kingsly,Espinosa,kespinosabz@addtoany.com,1J5sBKmQzbpicV9amHQKLkErNnkPSjAvoA,31-0867133
Garth,Blamires,gblamiresc0@squarespace.com,1zGkPuPSU8wnoH7wZbEtFsYPpCWSFrEXV,54-1257235
Alanah,Leates,aleatesc1@posterous.com,15g6CCu6bVktG9jTA5mrtDfJZKp26QsceZ,54-5712991
Meggy,Atkyns,matkynsc2@senate.gov,1CnEfarfB13RQRRyKfkWenayW1ETNWmfpB,02-0573226
Aloin,Matthews,amatthewsc3@cnbc.com,1KpzdeRayLbxM9KVHo9qbQVSTKLVVzWfGq,82-9689437
Eustacia,Padkin,epadkinc4@fastcompany.com,1J8Z8pefUYCedUHwgN583r6V1zVSMZdDx9,43-6697623
Koenraad,Hanscome,khanscomec5@canalblog.com,1CdpEfKFkWQPwsT13RjCBGTCXaTRz7zx4i,84-4528977
Collie,Piddlehinton,cpiddlehintonc6@berkeley.edu,18g2pW9FFgsvJhDzPqfCycMVkir43FrB1R,79-7696456
Glennis,Repper,grepperc7@bing.com,1BKrXBUMCaLD1GQHiqSD6UdcMeuTY49auy,83-3639772
Jobie,Ondra,jondrac8@yolasite.com,197KLnRBZfA4Gpq8pU2tF4vtPhuVxqdqqn,57-9937678
Ambrose,Becaris,abecarisc9@alibaba.com,1GyLNrKDzwSvFWK4vYdJj8ZQB7zBXmfpjs,66-9863158
Sonni,Dytham,sdythamca@youtu.be,1GTxHV3mXNJzbQ5dbjXy8ySmA9CzbFz1j1,43-5410826
Selby,Morewood,smorewoodcb@eepurl.com,1BpNnZ3iAXs9ph2GKwWKWxVac5d6La9dNY,63-1150590
Orella,Castanaga,ocastanagacc@mediafire.com,1G1X4sCHntMtVwDa3vUUYQpvGxPG5XiMVt,51-1960932
Martica,Colliss,mcollisscd@archive.org,14qoLoKsN8YLhuuZMkDF7ZzCcukUU7ADCn,57-7960572
Myriam,Muscott,mmuscottce@geocities.com,14DKX1vwBRbUaLjpeCggZhB8zTXd5BWfuw,74-3733407
Wendye,Wreak,wwreakcf@ustream.tv,14ZDK25RcP2mxKWEoRLvSnJhvhQ26d1Wxu,61-4644080
Cobb,Keddle,ckeddlecg@fema.gov,125F3WMHQPxdXn1BgVJtkSy7d32NW8BXM6,50-4674543
Oswell,Skynner,oskynnerch@yahoo.com,18bEH9MvSDywtoLgaHMrgZ7VY7g61Ak6f1,62-8558116
Cherey,Dallander,cdallanderci@squidoo.com,1Bf39RdErXBzSCXYH5JweGFdys6jtjeJsp,82-4664608
Vachel,Nancarrow,vnancarrowcj@altervista.org,17rmc49gKMFPsV3ifhN5wBfSLoPutG1RWf,63-5530739
Park,Dovidian,pdovidianck@statcounter.com,1NajokwN5vSbK1LQnf1WNgp17mtkC8V69v,59-1891777
Cecelia,Olifard,colifardcl@booking.com,16uQbP6N7uvwSrRL2rrXPf8cMHnRS4wdma,72-8991625
Myrtie,Braid,mbraidcm@flavors.me,1LbZdxufRN11kDT8oW267txn97omxxTJBd,21-1176832
Theadora,Sturt,tsturtcn@photobucket.com,12dZapQTadet1nxp4ZiRWrrocowe5DXjQB,40-5659441
Philomena,McBride,pmcbrideco@foxnews.com,15yH2UCmxLdFSUmYRq9RU9sLHZeCdArJHy,07-7629547
Pennie,Sapson,psapsoncp@ucsd.edu,1HuSKzRLQac7pL4WNQZ2kJ1T1PyfAA1T7c,94-5921275
Jaimie,Saull,jsaullcq@ebay.co.uk,16k4qrpRUYgzNV8scpnP1VSq27YUkDTBW6,68-1728158
Casandra,MacGillacolm,cmacgillacolmcr@1und1.de,16P1ZMKswqJzEoAeyT5qJfERMhm32hNtcR,73-3590143
Deena,Lorentzen,dlorentzencs@nature.com,1DKQRscjCtxBWrc8NFbKuZizmaJoLCq6yN,72-4486117
Lindie,Killford,lkillfordct@samsung.com,1Hjjjhb9cE9mr7s59qFrLTApg9JbqtQosY,29-6219640
Basia,Kesley,bkesleycu@loc.gov,13FM7MQFmNiktQGeUSXX9eKXFqpoqaFQd9,48-0405241
Keith,Ellor,kellorcv@123-reg.co.uk,18PWENdgUhT8xYisKcRrEHruo3spMGYL4B,05-5051692
Roselle,Jerred,rjerredcw@i2i.jp,18FvtKVXgA5TiNhHD8GwASusMCVfe3SWRv,26-6282386
Davide,Raggitt,draggittcx@ft.com,14L79zsyuhNAYdprDZd5m2sCW4e8J45SxY,94-2535355
Yehudit,Garlette,ygarlettecy@nydailynews.com,17fXiHPnktcTn7s4znZAxj1yw3PQhdcRET,71-3571308
Ignaz,Atlee,iatleecz@apache.org,1MJZR5pmt6xpNvfwXg7R8KNPUwLJ93z4SX,91-9637410
Lotta,Kondratenko,lkondratenkod0@e-recht24.de,16ZPBEnUE9RTp4TvzZtbYRacqmiMmNmTxj,00-5426552
Marjy,Meriott,mmeriottd1@zdnet.com,1PGYNCSoz9hBfTxRTFKfMr8xTUw3STdWiE,60-2518760
Elyse,Borrington,eborringtond2@prlog.org,14ar4xMZa93aAVoq3JWodt8AkGJqe7g1rd,89-2446548
Herta,Simcock,hsimcockd3@friendfeed.com,1CDgBbcuXW91gk9QRrVC9Eqbziz2TF6DBL,24-9832620
Coretta,Ceyssen,cceyssend4@rambler.ru,18oE9WMQJvvevxNDpvVGoSKQzfETbZHSAJ,99-1597238
Mick,Cassedy,mcassedyd5@linkedin.com,1HC1ySMVygG3Zyd2upaCX1HFuWq1E9tNNQ,29-4684515
Valry,Hawksby,vhawksbyd6@google.ca,1JvSpDU39wFksja9FcVHX9xToifyfixJXH,25-0607497
Delphinia,Shields,dshieldsd7@state.gov,1PGTa1uC4MDXyPkHVBKbN8AprHsfnEGzqY,19-0742982
Kelsey,Claige,kclaiged8@tinypic.com,1EMvEPKKjKEfMTk8xCUsZKBgRfz21B8qRu,76-1026344
Blisse,Ivkovic,bivkovicd9@delicious.com,12d5ApDcR8dTrUXJBdE6rSoGyHfMuTMaK6,57-8540959
Bryant,Pennicott,bpennicottda@statcounter.com,1LJRVnA5n9gutNVS9VfuSVoQcpytsDS19F,70-7145790
Lora,Huddlestone,lhuddlestonedb@eepurl.com,19NdoZ8eh5er2yBomjbEnprbwzsFZKQmiE,36-7651220
Dorey,Bolden,dboldendc@comcast.net,15R8dGjubstP7n6Dm9Bg9ywjETrpDUcUSg,67-4675066
Babb,Lawlan,blawlandd@edublogs.org,13j8iwtXFri9uKCKNHCcDFXUR7hxh3VfWH,38-7828247
Jerrie,Blaske,jblaskede@nytimes.com,1MnmKCQT4GoD9nPMM95MeyB935QsdoiPsi,60-7489232
Alic,Scaddon,ascaddondf@amazon.co.jp,1EixSdJ8y6pVxUdRYW8NQeLGKsKMWDy3DU,94-5063308
Cosetta,Dursley,cdursleydg@spotify.com,17nViP6j7YjRdAsxCXRZYn895cEGhohhEH,24-5522972
Esmaria,Ludovici,eludovicidh@issuu.com,15jznWJeksrJYJDtNcd45E136FDwRgsyiX,49-4345087
Yule,Vittery,yvitterydi@jigsy.com,16Zjyy3A6tKwe83PmaeHJ4sDd9gmi846ty,84-5987722
Lainey,Bengtsson,lbengtssondj@yellowbook.com,18QzCmsCGNffuLNeZhWTiL5tmQVnRc6xkx,69-2101453
Celka,Boothby,cboothbydk@wisc.edu,1FJGEZCd3KhP5VKHUittyAYqqvBHnYDqWi,81-2333624
Lezlie,Pebworth,lpebworthdl@last.fm,1HxhdAgmhE2TwrKrnTDMjMSr1np83cLJ5T,08-9563778
Kiri,De Ortega,kdeortegadm@prnewswire.com,13jdrorrUevGVESb5JTNac5F4WDv4Sx4VP,09-2392096
Theodosia,Deners,tdenersdn@mtv.com,1GpwExyvNGUmpjLWF1pBoREZ5GfR3xn3n6,76-4752752
Alexandrina,Troake,atroakedo@huffingtonpost.com,1HNoCcohsG9Qqzf6Zxf2T8zokULJYhmwqE,98-5844817
Drucie,Tokley,dtokleydp@linkedin.com,15voVM31EE3RntnmM4rgyuAmXzKXK8qTGf,33-5408415
Kynthia,Mouland,kmoulanddq@123-reg.co.uk,1Q9JuxPSAxmyibzyMoPaD21Agsiisg8UGW,52-2047224
Clerkclaude,Collens,ccollensdr@princeton.edu,1J15KznpWwPvrwnjf3ZYGGqvaNoTxsUrDL,61-3476871
Ruthi,Buckthorp,rbuckthorpds@illinois.edu,12nW7Bbaoga9CNDBumxvFK9fnZ9SWnKavG,97-9685793
Sigismundo,Wraighte,swraightedt@ucoz.ru,1Q8hGpgwaaJin1p2HHnwofvCuQ9v3nDTUv,88-9333307
Shae,Hackin,shackindu@psu.edu,1CqiJw5pvQVxFE9HfP7wXRb4EZFeCjN1qm,15-7035212
Bettina,Vertey,bverteydv@addtoany.com,19iTx5PmgeobdVGL8QaqxNzSaKqjkHAu7C,90-9377790
